CAFA6A1F		FinSpy	2010-04-05 00:00:00	2012-03-29 00:00:00	Base license + 30 targets + 3 agents	307200	Yes
CAFA6A1F		FinFly USB	2010-04-05 00:00:00	2012-03-29 00:00:00		4620	Yes
CAFA6A1F		FinFly LAN	2009-09-20 00:00:00	2012-03-30 00:00:00		32580	Yes
CAFA6A1F		FinFireWire	2011-05-27 02:00:00	2015-05-30 02:00:00		13080	
CAFA6A1F		FinFireWire	2011-05-27 02:00:00	2015-05-30 02:00:00		13080	
CAFA6A1F		FinFireWire	2011-05-27 02:00:00	2015-05-30 02:00:00		13080	
CAFA6A1F		FinUSB Suite	2011-05-27 02:00:00	2015-05-30 02:00:00		13080	
CAFA6A1F		FinFly Web	2011-05-28 02:00:00	2015-05-30 02:00:00		36600	
CAFA6A1F		FinFly LAN	2009-09-19 02:00:00	2013-03-28 01:00:00		32580	Yes
CAFA6A1F		FinSpy	2010-04-05 02:00:00	2013-03-28 01:00:00	Base license + 30 targets + 3 agents	307200	Yes
CAFA6A1F		FinFly USB	2010-04-05 02:00:00	2013-03-28 01:00:00		4620	Yes
CAFA6A1F		FinFly LAN	2009-09-19 02:00:00	2014-04-22 02:00:00		32580	Yes
CAFA6A1F		FinSpy	2010-04-05 02:00:00	2014-04-22 02:00:00	Base license + 30 targets + 3 agents	307200	Yes
CAFA6A1F		FinFly USB	2010-04-05 02:00:00	2014-04-22 02:00:00		4620	Yes
CAFA6A1F		FinSpy	2010-04-05 02:00:00	2015-04-22 02:00:00	Base license + 30 targets + 3 agents	307200	Yes
CAFA6A1F		FinSpy	2010-04-05 02:00:00	2015-04-22 02:00:00	Base license + 30 targets + 3 agents	307200	
CAFA6A1F		FinFly LAN	2009-09-19 02:00:00	2015-04-22 02:00:00		32580	
CAFA6A1F		FinFly USB	2009-09-19 02:00:00	2015-04-22 02:00:00		4620	Yes
E0AD6E22	Slovakia	FinFly Web	2011-01-29 00:00:00	2012-01-31 00:00:00		36600	Yes
E0AD6E22	Slovakia	FinFly LAN	2011-01-28 00:00:00	2012-01-30 00:00:00		32580	Yes
E0AD6E22	Slovakia	FinUSB Suite	2011-03-07 01:00:00	2012-03-09 01:00:00		13080	Yes
E0AD6E22	Slovakia	FinFireWire	2011-03-07 01:00:00	2012-03-09 01:00:00		13080	Yes
E0AD6E22	Slovakia	FinIntrusion Kit	2011-03-07 01:00:00	2012-03-09 01:00:00		30600	Yes
E0AD6E22	Slovakia	FinSpy	2010-01-31 01:00:00	2011-11-15 01:00:00	Base license + 50 targets + 2 agents	397800	Yes
E0AD6E22	Slovakia	FinFly USB	2010-01-31 01:00:00	2011-11-15 01:00:00		4620	Yes
E0AD6E22	Slovakia	FinIntrusion Kit	2011-03-07 01:00:00	2012-03-09 01:00:00		30600	Yes
E0AD6E22	Slovakia	FinSpy	2010-01-31 01:00:00	2012-01-01 01:00:00	Base license + 50 targets + 2 agents	397800	Yes
E0AD6E22	Slovakia	FinFly USB	2010-01-31 01:00:00	2012-01-01 01:00:00		4620	Yes
E0AD6E22	Slovakia	FinSpy	2010-01-31 01:00:00	2012-01-15 01:00:00	Base license + 50 targets + 2 agents	397800	Yes
E0AD6E22	Slovakia	FinSpy	2010-01-31 01:00:00	2012-01-15 01:00:00	Base license + 50 targets + 2 agents	397800	Yes
E0AD6E22	Slovakia	FinFly USB	2010-01-31 01:00:00	2012-01-15 01:00:00		4620	Yes
E0AD6E22	Slovakia	FinUSB Suite	2011-03-07 01:00:00	2013-01-31 01:00:00		13080	Yes
E0AD6E22	Slovakia	FinSpy	2010-01-31 01:00:00	2013-01-31 01:00:00	Base license + 50 targets + 2 agents	397800	Yes
E0AD6E22	Slovakia	FinSpy	2010-01-31 01:00:00	2013-01-31 01:00:00	Base license + 50 targets + 2 agents	397800	Yes
E0AD6E22	Slovakia	FinFly USB	2010-01-31 01:00:00	2013-01-31 01:00:00		4620	Yes
E0AD6E22	Slovakia	FinFly LAN	2011-01-28 01:00:00	2013-01-31 01:00:00		32580	Yes
E0AD6E22	Slovakia	FinFireWire	2011-03-07 01:00:00	2013-01-31 01:00:00		13080	Yes
E0AD6E22	Slovakia	FinIntrusion Kit	2011-03-07 01:00:00	2013-01-31 01:00:00		30600	Yes
E0AD6E22	Slovakia	FinFly Web	2011-01-29 01:00:00	2013-01-31 01:00:00		36600	Yes
E0AD6E22	Slovakia	FinFly Web	2011-01-29 01:00:00	2013-03-31 01:00:00		36600	Yes
E0AD6E22	Slovakia	FinIntrusion Kit	2011-01-29 01:00:00	2013-03-31 01:00:00		30600	Yes
E0AD6E22	Slovakia	FinFireWire	2011-01-29 01:00:00	2013-03-31 01:00:00		13080	Yes
E0AD6E22	Slovakia	FinFly LAN	2011-01-29 01:00:00	2013-03-31 01:00:00		32580	Yes
E0AD6E22	Slovakia	FinSpy	2011-01-29 01:00:00	2013-03-31 01:00:00	Base license	156000	Yes
E0AD6E22	Slovakia	FinSpy	2011-01-29 01:00:00	2013-03-31 01:00:00	Base license	156000	Yes
E0AD6E22	Slovakia	FinUSB Suite	2011-01-29 01:00:00	2013-03-31 01:00:00		13080	Yes
E0AD6E22	Slovakia	FinSpy Mobile	2013-01-27 01:00:00	2013-10-31 01:00:00	Base license + 15 mobile targets + 1 agents	249300	Yes
E0AD6E22	Slovakia	FinFly Web	2011-01-29 01:00:00	2013-07-31 02:00:00		36600	
E0AD6E22	Slovakia	FinIntrusion Kit	2011-03-07 01:00:00	2013-07-31 02:00:00		30600	
E0AD6E22	Slovakia	FinFireWire	2011-03-07 01:00:00	2013-07-31 02:00:00		13080	
E0AD6E22	Slovakia	FinFly LAN	2011-01-28 01:00:00	2013-07-31 02:00:00		32580	
E0AD6E22	Slovakia	FinSpy	2010-01-31 01:00:00	2013-07-31 02:00:00	Base license + 50 targets + 2 agents	397800	Yes
E0AD6E22	Slovakia	FinSpy	2010-01-31 01:00:00	2013-07-31 02:00:00	Base license + 50 targets + 2 agents	397800	Yes
E0AD6E22	Slovakia	FinUSB Suite	2011-03-07 01:00:00	2013-07-31 02:00:00		13080	
E0AD6E22	Slovakia	FinSpy	2010-01-31 01:00:00	2013-12-31 01:00:00	Base license + 50 targets + 2 agents	397800	
E0AD6E22	Slovakia	FinSpy	2010-01-31 01:00:00	2013-12-31 01:00:00	Base license + 50 targets + 2 agents	397800	
E0AD6E22	Slovakia	FinSpy Mobile	1970-01-01 01:00:00	1970-01-01 01:00:00	Base license + 15 mobile targets + 1 agents	249300	
E5C0C644		FinFly LAN	2010-08-03 00:00:00	2011-08-05 00:00:00		32580	
E5C0C644		FinSpy	2010-03-14 00:00:00	2011-02-28 00:00:00	Base license + 100 targets + 7 agents	571800	Yes
E5C0C644		FinFly USB	2010-03-14 00:00:00	2011-02-28 00:00:00		4620	Yes
E5C0C644		FinFly ISP	2011-01-17 00:00:00	2011-12-31 00:00:00			Yes
E5C0C644		FinSpy	2010-03-14 01:00:00	2013-05-31 02:00:00	Base license + 110 targets + 7 agents	595200	Yes
E5C0C644		FinFly USB	2010-03-14 01:00:00	2013-05-31 02:00:00		4620	
E5C0C644		FinFly ISP	2011-01-17 01:00:00	2013-05-31 02:00:00			
E5C0C644		FinFireWire	2011-06-28 02:00:00	2012-06-29 02:00:00		13080	
E5C0C644		FinUSB Suite	2011-06-25 02:00:00	2012-06-26 02:00:00		13080	
E5C0C644		FinFly Web	2011-01-17 01:00:00	2013-05-31 02:00:00		36600	Yes
E5C0C644		FinFly Web	2011-06-27 02:00:00	2013-05-31 02:00:00		36600	Yes
E5C0C644		FinFly Web	2011-06-27 02:00:00	2014-07-11 02:00:00		36600	
E5C0C644		FinSpy	2010-03-14 01:00:00	2014-07-11 02:00:00	Base license + 110 targets + 7 agents	595200	
E5C0C644		FinSpy Mobile	2013-08-11 02:00:00	2014-08-22 02:00:00	Base license + 110 targets + 30 mobile targets + 7 agents	665400	
E5C0C644		FinFly ISP	2014-06-18 02:00:00	2015-06-30 02:00:00			
7678CCD6		FinUSB Suite	2009-10-08 00:00:00	2011-06-08 00:00:00		13080	Yes
7678CCD6		FinIntrusion Kit	2009-10-08 00:00:00	2011-06-08 00:00:00		30600	Yes
7678CCD6		FinUSB Suite	2011-11-27 01:00:00	2012-11-29 01:00:00		13080	Yes
7678CCD6		FinUSB Suite	2013-07-30 02:00:00	2014-08-15 02:00:00		13080	
559458B5	Mongolia	FinSpy	2010-09-01 00:00:00	2011-09-03 00:00:00	Base license	156000	Yes
559458B5	Mongolia	FinFly USB	2010-09-01 00:00:00	2011-09-03 00:00:00		4620	Yes
559458B5	Mongolia	FinUSB Suite	2010-09-01 00:00:00	2011-09-03 00:00:00		13080	Yes
559458B5	Mongolia	FinSpy	2010-09-01 02:00:00	2013-09-03 02:00:00	Base license + 25 targets + 3 agents	295500	Yes
559458B5	Mongolia	FinFly USB	2010-09-01 02:00:00	2013-09-03 02:00:00		4620	Yes
559458B5	Mongolia	FinFly USB	2010-09-01 02:00:00	2013-09-03 02:00:00		4620	Yes
559458B5	Mongolia	FinUSB Suite	2010-09-01 02:00:00	2013-09-03 02:00:00		13080	Yes
559458B5	Mongolia	FinUSB Suite	2010-09-01 02:00:00	2013-09-03 02:00:00		13080	Yes
559458B5	Mongolia	FinFly USB	2010-09-01 02:00:00	2014-09-03 02:00:00		4620	
559458B5	Mongolia	FinSpy	2010-09-01 02:00:00	2014-09-03 02:00:00	Base license + 150 targets + 10 agents	723000	
559458B5	Mongolia	FinUSB Suite	2010-09-01 02:00:00	2014-09-03 02:00:00		13080	
559458B5	Mongolia	FinFly ISP	2013-08-18 02:00:00	2014-09-30 02:00:00			
559458B5	Mongolia	FinIntrusion Kit	2013-11-13 01:00:00	2014-11-21 01:00:00		30600	
559458B5	Mongolia	FinFireWire	2013-11-13 01:00:00	2014-11-21 01:00:00		13080	
559458B5	Mongolia	FinFly LAN	2013-11-13 01:00:00	2014-11-21 01:00:00		32580	
559458B5	Mongolia	FinFly Web	2013-11-13 01:00:00	2014-11-21 01:00:00		36600	
Gamma9		FinFireWire	2011-03-05 00:00:00	2012-03-07 00:00:00		13080	Yes
Gamma9		FinFly ISP	2011-03-05 00:00:00	2012-03-07 00:00:00			Yes
Gamma9		FinFly LAN	2011-03-05 00:00:00	2012-03-07 00:00:00		32580	Yes
Gamma9		FinFly USB	2011-03-05 00:00:00	2012-03-07 00:00:00		4620	Yes
Gamma9		FinFly Web	2011-03-05 00:00:00	2012-03-07 00:00:00		36600	Yes
Gamma9		FinIntrusion Kit	2011-03-05 00:00:00	2012-03-07 00:00:00		30600	Yes
Gamma9		FinSpy	2011-03-05 00:00:00	2012-03-07 00:00:00	Base license	156000	Yes
Gamma9		FinSpy Mobile	2011-03-05 00:00:00	2012-03-07 00:00:00	Base license	156000	Yes
Gamma9		FinTraining	2011-03-05 00:00:00	2012-03-07 00:00:00		6480	Yes
Gamma9		FinUSB Suite	2011-03-05 00:00:00	2012-03-07 00:00:00		13080	Yes
Gamma9		FinFireWire	2011-03-05 01:00:00	2012-03-07 01:00:00		13080	Yes
Gamma9		FinFireWire	2012-02-01 01:00:00	2014-03-06 01:00:00		13080	
Gamma9		FinFly ISP	2012-02-01 01:00:00	2014-03-06 01:00:00			
Gamma9		FinFly LAN	2012-02-01 01:00:00	2014-03-06 01:00:00		32580	
Gamma9		FinFly USB	2012-02-01 01:00:00	2014-03-06 01:00:00		4620	
Gamma9		FinFly Web	2012-02-01 01:00:00	2014-03-06 01:00:00		36600	
Gamma9		FinIntrusion Kit	2012-02-01 01:00:00	2014-03-06 01:00:00		30600	Yes
Gamma9		FinIntrusion Kit	2012-02-01 01:00:00	2014-03-06 01:00:00		30600	
Gamma9		FinSpy	2012-02-01 01:00:00	2014-03-06 01:00:00	Base license + 30 targets + 3 agents	307200	
Gamma9		FinSpy Mobile	2012-02-01 01:00:00	2014-03-06 01:00:00	Base license + 30 targets + 3 agents	307200	
Gamma9		FinUSB Suite	2012-02-01 01:00:00	2014-03-06 01:00:00		13080	
Gamma9		FinTraining	2012-02-01 01:00:00	2014-03-06 01:00:00		6480	
Gamma9		FinFly Net	2012-03-21 01:00:00	2014-03-23 01:00:00		163898	
Gamma9		FinFireWire	2014-03-02 01:00:00	2017-03-04 01:00:00		13080	
Gamma9		FinFly ISP	2014-03-02 01:00:00	2017-03-04 01:00:00			
Gamma9		FinFly LAN	2014-03-02 01:00:00	2017-03-04 01:00:00		32580	
Gamma9		FinFly Net	2014-03-02 01:00:00	2017-03-04 01:00:00		163898	
Gamma9		FinFly USB	2014-03-02 01:00:00	2017-03-04 01:00:00		4620	
Gamma9		FinFly Web	2014-03-02 01:00:00	2017-03-04 01:00:00		36600	
Gamma9		FinIntrusion Kit	2014-03-02 01:00:00	2017-03-04 01:00:00		30600	
Gamma9		FinUSB Suite	2014-03-02 01:00:00	2017-03-04 01:00:00		13080	
Gamma9		FinSpy	2014-03-02 01:00:00	2017-03-04 01:00:00	Base license	156000	
Gamma9		FinSpy Mobile	2014-03-02 01:00:00	2017-03-04 01:00:00	Base license	156000	
4599A7D0	Qatar SSB	FinSpy	2010-10-24 00:00:00	2011-10-26 00:00:00	Base license + 10 targets + 5 agents	236400	Yes
4599A7D0	Qatar SSB	FinUSB Suite	2010-11-07 00:00:00	2011-11-22 00:00:00		13080	Yes
4599A7D0	Qatar SSB	FinFly USB	2010-10-24 00:00:00	2011-10-26 00:00:00		4620	Yes
4599A7D0	Qatar SSB	FinUSB Suite	2010-11-07 01:00:00	2012-11-22 01:00:00		13080	Yes
4599A7D0	Qatar SSB	FinSpy	2010-11-07 01:00:00	2012-11-22 01:00:00	Base license	156000	Yes
4599A7D0	Qatar SSB	FinSpy	2010-10-24 02:00:00	2012-10-26 02:00:00	Base license + 150 targets + 5 agents	666000	Yes
4599A7D0	Qatar SSB	FinUSB Suite	2010-11-07 01:00:00	2012-11-22 01:00:00		13080	Yes
4599A7D0	Qatar SSB	FinFly USB	2010-10-24 02:00:00	2012-10-26 02:00:00		4620	Yes
4599A7D0	Qatar SSB	FinSpy	2012-10-24 02:00:00	2014-04-25 02:00:00	Base license + 150 targets + 5 agents	666000	
4599A7D0	Qatar SSB	FinUSB Suite	2012-11-07 01:00:00	2014-04-25 02:00:00		13080	
4599A7D0	Qatar SSB	FinFly USB	2012-10-24 02:00:00	2014-04-25 02:00:00		4620	
F6F202EA		FinUSB Suite	2010-01-14 01:00:00	2011-09-30 02:00:00		13080	
F6F202EA		FinSpy	2010-01-29 01:00:00	2011-09-30 02:00:00	Base license + 30 targets + 2 agents	295800	
F6F202EA		FinFly USB	2010-01-29 01:00:00	2011-09-30 02:00:00		4620	
F6F202EA		FinFly LAN	2010-01-14 01:00:00	2011-09-30 02:00:00		32580	
F6F202EA		FinIntrusion Kit	2010-03-30 02:00:00	2011-09-30 02:00:00		30600	
1E65145B		FinUSB Suite	2010-03-27 00:00:00	2011-04-01 00:00:00		13080	Yes
1E65145B		FinFireWire	2011-02-26 00:00:00	2012-03-01 00:00:00		13080	Yes
1E65145B		FinFireWire	2011-02-26 00:00:00	2012-03-01 00:00:00		13080	Yes
1E65145B		FinFireWire	2011-02-26 00:00:00	2012-03-01 00:00:00		13080	Yes
1E65145B		FinFireWire	2012-05-14 02:00:00	2014-05-16 02:00:00		13080	Yes
1E65145B		FinFireWire	2012-05-14 02:00:00	2014-05-16 02:00:00		13080	Yes
1E65145B		FinFireWire	2012-05-14 02:00:00	2014-05-16 02:00:00		13080	Yes
1E65145B		FinUSB Suite	2012-05-14 02:00:00	2014-05-16 02:00:00		13080	Yes
1E65145B		FinUSB Suite	2012-05-14 02:00:00	2014-05-16 02:00:00		13080	Yes
1E65145B		FinUSB Suite	2012-05-14 02:00:00	2014-05-16 02:00:00		13080	Yes
1E65145B		FinUSB Suite	2011-02-26 01:00:00	2012-03-01 01:00:00		13080	
1E65145B		FinUSB Suite	2011-02-26 01:00:00	2012-03-01 01:00:00		13080	
1E65145B		FinUSB Suite	2011-02-26 01:00:00	2012-03-01 01:00:00		13080	
1E65145B		FinFireWire	2011-03-30 02:00:00	2012-04-01 02:00:00		13080	
1E65145B		FinFireWire	2011-03-30 02:00:00	2012-04-01 02:00:00		13080	
1E65145B		FinFireWire	2011-03-30 02:00:00	2012-04-01 02:00:00		13080	
F378934F		FinUSB Suite	2009-11-08 00:00:00	2011-02-12 00:00:00		13080	Yes
F378934F		FinUSB Suite	2009-11-08 01:00:00	2012-02-12 01:00:00		13080	Yes
F378934F		FinSpy	2011-05-08 02:00:00	2012-05-16 02:00:00	Base license + 100 targets + 5 agents	549000	Yes
F378934F		FinFly USB	2011-05-08 02:00:00	2012-05-16 02:00:00		4620	Yes
F378934F		FinSpy	2011-05-08 02:00:00	2013-05-16 02:00:00	Base license + 150 targets + 5 agents	666000	Yes
F378934F		FinFly USB	2011-05-08 02:00:00	2013-05-16 02:00:00		4620	
F378934F		FinUSB Suite	2009-11-08 01:00:00	2013-05-16 02:00:00		13080	Yes
F378934F		FinFly LAN	2011-06-05 02:00:00	2012-06-13 02:00:00		32580	
F378934F		FinFly Web	2011-08-13 02:00:00	2012-08-15 02:00:00		36600	Yes
F378934F		FinFly ISP	2011-10-16 02:00:00	2012-11-30 01:00:00			Yes
F378934F		FinIntrusion Kit	2011-12-14 01:00:00	2012-06-13 02:00:00		30600	Yes
F378934F		FinFly ISP	2011-10-16 02:00:00	2013-07-01 02:00:00			
F378934F		FinFly Web	2011-08-13 02:00:00	2013-07-01 02:00:00		36600	
F378934F		FinSpy	2011-05-08 02:00:00	2013-09-30 02:00:00	Base license + 150 targets + 7 agents	688800	Yes
F378934F		FinUSB Suite	2013-12-09 01:00:00	2016-12-16 01:00:00		13080	
F378934F		FinSpy	2013-12-09 01:00:00	2016-12-16 01:00:00	Base license + 150 targets + 7 agents	688800	
F378934F		FinIntrusion Kit	2013-12-09 01:00:00	2016-12-16 01:00:00		30600	
E7549C72	South Africa	FinSpy	2009-09-02 00:00:00	2011-09-03 00:00:00	Base license + 100 targets + 3 agents	526200	Yes
E7549C72	South Africa	FinFly USB	2009-09-02 00:00:00	2011-09-03 00:00:00		4620	Yes
E7549C72	South Africa	FinFly LAN	2009-09-10 00:00:00	2011-09-14 00:00:00		32580	Yes
E7549C72	South Africa	FinUSB Suite	2010-06-22 00:00:00	2011-06-30 00:00:00		13080	Yes
E7549C72	South Africa	FinFly LAN	2009-09-10 00:00:00	2011-09-14 00:00:00		32580	Yes
E7549C72	South Africa	FinUSB Suite	2010-06-22 00:00:00	2011-06-30 00:00:00		13080	Yes
E7549C72	South Africa	FinUSB Suite	2010-06-22 02:00:00	2013-01-11 01:00:00		13080	Yes
E7549C72	South Africa	FinUSB Suite	2010-06-22 02:00:00	2013-01-11 01:00:00		13080	Yes
E7549C72	South Africa	FinSpy	2009-09-02 02:00:00	2013-01-11 01:00:00	Base license + 100 targets + 3 agents	526200	Yes
E7549C72	South Africa	FinFly USB	2009-09-02 02:00:00	2013-01-11 01:00:00		4620	Yes
E7549C72	South Africa	FinFly LAN	2009-09-10 02:00:00	2013-01-11 01:00:00		32580	Yes
E7549C72	South Africa	FinIntrusion Kit	2012-03-17 01:00:00	2013-03-18 01:00:00		30600	Yes
E7549C72	South Africa	FinIntrusion Kit	2012-03-17 01:00:00	2013-03-18 01:00:00		30600	Yes
E7549C72	South Africa	FinFly LAN	2012-03-17 01:00:00	2013-03-18 01:00:00		32580	Yes
E7549C72	South Africa	FinFly LAN	2012-03-17 01:00:00	2013-03-18 01:00:00		32580	Yes
E7549C72	South Africa	FinIntrusion Kit	2012-03-17 01:00:00	2014-04-29 02:00:00		30600	
E7549C72	South Africa	FinIntrusion Kit	2012-03-17 01:00:00	2014-04-29 02:00:00		30600	
E7549C72	South Africa	FinFly USB	2009-09-02 02:00:00	2014-04-29 02:00:00		4620	
E7549C72	South Africa	FinSpy	2009-09-02 02:00:00	2014-04-29 02:00:00	Base license + 100 targets + 3 agents	526200	
E7549C72	South Africa	FinUSB Suite	2010-06-22 02:00:00	2014-04-29 02:00:00		13080	
E7549C72	South Africa	FinUSB Suite	2010-06-22 02:00:00	2014-04-29 02:00:00		13080	
E7549C72	South Africa	FinFly LAN	2012-03-17 01:00:00	2014-04-29 02:00:00		32580	
E7549C72	South Africa	FinFly LAN	2012-03-17 01:00:00	2014-04-29 02:00:00		32580	
DDCD64A2	Bahrain	FinSpy	2010-10-28 00:00:00	2011-10-30 00:00:00	Base license + 10 targets + 1 agents	190800	Yes
DDCD64A2	Bahrain	FinFly USB	2010-10-28 00:00:00	2011-10-30 00:00:00		4620	Yes
DDCD64A2	Bahrain	FinSpy	2011-02-09 01:00:00	2012-02-11 01:00:00	Base license + 30 targets + 3 agents	307200	Yes
DDCD64A2	Bahrain	FinFly USB	2011-02-09 01:00:00	2012-02-11 01:00:00		4620	Yes
DDCD64A2	Bahrain	FinFly Web	2012-02-07 01:00:00	2013-02-11 01:00:00		36600	
DDCD64A2	Bahrain	FinSpy	2011-02-09 01:00:00	2013-02-11 01:00:00	Base license + 30 targets + 3 agents	307200	
DDCD64A2	Bahrain	FinFly USB	2011-02-09 01:00:00	2013-02-11 01:00:00		4620	
0DBB5B36		FinFly LAN	2010-03-16 00:00:00	2011-04-01 00:00:00		32580	Yes
0DBB5B36		FinUSB Suite	2010-03-16 00:00:00	2011-04-01 00:00:00		13080	Yes
0DBB5B36		FinSpy	2010-03-22 00:00:00	2011-04-01 00:00:00	Base license + 5 targets + 1 agents	179100	Yes
0DBB5B36		FinFly USB	2010-03-22 00:00:00	2011-04-01 00:00:00		4620	Yes
0DBB5B36		FinSpy	2010-03-22 01:00:00	2012-10-31 01:00:00	Base license + 5 targets + 1 agents	179100	
0DBB5B36		FinFly LAN	2010-03-16 01:00:00	2012-10-31 01:00:00		32580	
0DBB5B36		FinFly USB	2010-03-22 01:00:00	2012-10-31 01:00:00		4620	
0988BAEB		FinUSB Suite	2010-07-24 00:00:00	2011-09-30 00:00:00		13080	Yes
0988BAEB		FinSpy	2010-07-24 00:00:00	2011-09-30 00:00:00	Base license + 60 targets + 4 agents	444000	Yes
0988BAEB		FinFly USB	2010-07-24 00:00:00	2011-09-30 00:00:00		4620	Yes
0988BAEB		FinUSB Suite	2010-07-24 02:00:00	2012-03-15 01:00:00		13080	Yes
0988BAEB		FinSpy	2010-07-24 02:00:00	2012-03-15 01:00:00	Base license + 60 targets + 4 agents	444000	Yes
0988BAEB		FinFly USB	2010-07-24 02:00:00	2012-03-15 01:00:00		4620	Yes
0988BAEB		FinSpy	2010-07-24 02:00:00	2013-03-01 01:00:00	Base license + 60 targets + 4 agents	444000	Yes
0988BAEB		FinFly USB	2010-07-24 02:00:00	2013-03-01 01:00:00		4620	Yes
0988BAEB		FinUSB Suite	2010-07-24 02:00:00	2013-03-01 01:00:00		13080	Yes
0988BAEB		FinFly Web	2012-08-04 02:00:00	2013-08-09 02:00:00		36600	
0988BAEB		FinSpy	2010-07-24 02:00:00	2014-03-05 01:00:00	Base license + 60 targets + 4 agents	444000	Yes
0988BAEB		FinUSB Suite	2010-07-24 02:00:00	2014-03-05 01:00:00		13080	Yes
0988BAEB		FinFly USB	2010-07-24 02:00:00	2014-03-05 01:00:00		4620	Yes
0988BAEB		FinUSB Suite	2010-07-24 02:00:00	2015-05-17 02:00:00		13080	
0988BAEB		FinSpy	2010-07-24 02:00:00	2015-05-17 02:00:00	Base license + 60 targets + 10 agents	512400	
0DF6972B	Pakistan	FinSpy	2010-04-20 00:00:00	2013-04-30 00:00:00	Base license + 35 targets + 5 agents	396900	
0DF6972B	Pakistan	FinFly USB	2010-04-20 00:00:00	2013-04-30 00:00:00		4620	
0DF6972B	Pakistan	FinIntrusion Kit	2010-06-08 02:00:00	2013-06-10 02:00:00		30600	
DE8E0FCE		FinSpy	2010-04-29 00:00:00	2011-04-30 00:00:00	Base license + 30 targets + 3 agents	307200	Yes
DE8E0FCE		FinFly USB	2010-04-29 00:00:00	2011-04-30 00:00:00		4620	Yes
DE8E0FCE		FinSpy	2010-04-29 02:00:00	2012-04-30 02:00:00	Base license + 30 targets + 3 agents	307200	Yes
DE8E0FCE		FinFly USB	2010-04-29 02:00:00	2012-04-30 02:00:00		4620	Yes
DE8E0FCE		FinFly USB	2010-04-29 02:00:00	2012-07-31 02:00:00		4620	
DE8E0FCE		FinSpy	2010-04-29 02:00:00	2012-07-31 02:00:00	Base license + 30 targets + 3 agents	307200	
9145EC2C		FinUSB Suite	2011-04-12 02:00:00	2012-04-13 02:00:00		13080	Yes
9145EC2C		FinUSB Suite	2011-03-12 01:00:00	2013-03-13 01:00:00		13080	Yes
9145EC2C		FinUSB Suite	2011-03-12 01:00:00	2014-03-13 01:00:00		13080	Yes
9145EC2C		FinUSB Suite	2014-04-10 02:00:00	2016-04-12 02:00:00		13080	
9145EC2C		FinUSB Suite	2014-04-10 02:00:00	2016-04-12 02:00:00		13080	
73DAAD57		FinSpy	2010-06-15 00:00:00	2011-06-30 00:00:00	Base license + 30 targets + 3 agents	307200	Yes
73DAAD57		FinFly USB	2010-06-15 00:00:00	2011-06-30 00:00:00		4620	Yes
73DAAD57		FinSpy	2012-02-10 01:00:00	2013-02-11 01:00:00	Base license + 100 targets + 2 agents	514800	
73DAAD57		FinFly USB	2012-02-10 01:00:00	2013-02-11 01:00:00		4620	
73DAAD57		FinUSB Suite	2012-02-10 01:00:00	2013-02-11 01:00:00		13080	
9772CC62		FinSpy	2011-01-09 00:00:00	2012-01-16 00:00:00	Base license + 30 targets + 3 agents	307200	Yes
9772CC62		FinFly USB	2011-01-09 00:00:00	2012-01-16 00:00:00		4620	Yes
9772CC62		FinSpy	2011-02-12 00:00:00	2012-02-13 00:00:00	Base license + 30 targets + 3 agents	307200	Yes
9772CC62		FinFly USB	2011-02-12 00:00:00	2012-02-13 00:00:00		4620	Yes
9772CC62		FinUSB Suite	2011-03-05 00:00:00	2012-03-07 00:00:00		13080	Yes
9772CC62		FinFireWire	2011-03-06 01:00:00	2012-03-08 01:00:00		13080	Yes
9772CC62		FinFly Web	2011-03-06 01:00:00	2012-03-08 01:00:00		36600	Yes
9772CC62		FinFly LAN	2011-03-07 01:00:00	2012-03-09 01:00:00		32580	Yes
9772CC62		FinUSB Suite	2011-01-09 01:00:00	2012-12-31 01:00:00		13080	
9772CC62		FinUSB Suite	2011-01-09 01:00:00	2012-12-31 01:00:00		13080	
9772CC62		FinFireWire	2011-01-09 01:00:00	2012-12-31 01:00:00		13080	
9772CC62		FinIntrusion Kit	2011-01-09 01:00:00	2012-12-31 01:00:00		30600	
9772CC62		FinIntrusion Kit	2011-01-09 01:00:00	2012-12-31 01:00:00		30600	
9772CC62		FinSpy	2011-01-09 01:00:00	2012-12-31 01:00:00	Base license + 30 targets + 3 agents	307200	Yes
9772CC62		FinSpy	2011-01-09 01:00:00	2012-12-31 01:00:00	Base license + 30 targets + 3 agents	307200	
9772CC62		FinFly USB	2011-01-09 01:00:00	2012-12-31 01:00:00		4620	Yes
9772CC62		FinFly USB	2011-01-09 01:00:00	2012-12-31 01:00:00		4620	Yes
9772CC62		FinFly LAN	2011-01-09 01:00:00	2012-12-31 01:00:00		32580	
9772CC62		FinFly LAN	2011-01-09 01:00:00	2012-12-31 01:00:00		32580	
9772CC62		FinFly Web	2011-01-09 01:00:00	2012-12-31 01:00:00		36600	
9772CC62		FinFly Web	2011-01-09 01:00:00	2012-12-31 01:00:00		36600	
9772CC62		FinSpy	2012-10-15 02:00:00	2014-10-22 02:00:00	Base license + 30 targets + 30 mobile targets + 3 agents	432600	
9772CC62		FinFly USB	2012-10-15 02:00:00	2014-10-22 02:00:00		4620	
9772CC62		FinSpy Mobile	2012-10-15 02:00:00	2014-10-22 02:00:00	Base license + 30 targets + 30 mobile targets + 3 agents	432600	
9772CC62		FinFly USB	2012-10-15 02:00:00	2014-10-22 02:00:00		4620	
979A48A0		FinSpy	2011-01-09 00:00:00	2012-01-22 00:00:00	Base license + 10 targets + 2 agents	202200	
979A48A0		FinFly USB	2011-01-09 00:00:00	2012-01-22 00:00:00		4620	
134918DA		FinSpy	2011-01-10 00:00:00	2012-02-12 00:00:00	Base license + 30 targets + 3 agents	307200	Yes
134918DA		FinFly USB	2011-01-10 00:00:00	2012-02-12 00:00:00		4620	Yes
134918DA		FinSpy Mobile	2012-01-31 01:00:00	2012-05-30 02:00:00	Base license + 40 mobile targets + 3 agents	385800	Yes
134918DA		FinSpy Mobile	2012-01-31 01:00:00	2013-07-10 02:00:00	Base license + 40 mobile targets + 3 agents	385800	Yes
134918DA		FinSpy	1970-01-01 01:00:00	1970-01-01 01:00:00	Base license + 40 mobile targets + 3 agents	385800	Yes
134918DA		FinFly USB	1970-01-01 01:00:00	1970-01-01 01:00:00		4620	Yes
134918DA		FinSpy Mobile	2012-01-31 01:00:00	2013-07-10 02:00:00	Base license + 40 mobile targets + 3 agents	385800	
134918DA		FinSpy	2011-01-10 01:00:00	2013-07-10 02:00:00	Base license + 50 targets + 5 agents	432000	
134918DA		FinFly USB	2011-01-10 01:00:00	2013-07-10 02:00:00		4620	
134918DA		FinUSB Suite	2013-03-12 01:00:00	2014-03-18 01:00:00		13080	
134918DA		FinUSB Suite	2013-03-12 01:00:00	2014-03-18 01:00:00		13080	
134918DA		FinUSB Suite	2013-03-12 01:00:00	2014-03-18 01:00:00		13080	
134918DA		FinFireWire	2013-03-12 01:00:00	2014-03-18 01:00:00		13080	
134918DA		FinFireWire	2013-03-12 01:00:00	2014-03-18 01:00:00		13080	
134918DA		FinFireWire	2013-03-12 01:00:00	2014-03-18 01:00:00		13080	
134918DA		FinFireWire	2013-03-12 01:00:00	2014-03-18 01:00:00		13080	
134918DA		FinFireWire	2013-03-12 01:00:00	2014-03-18 01:00:00		13080	
134918DA		FinFireWire	2013-03-12 01:00:00	2014-03-18 01:00:00		13080	
134918DA		FinFireWire	2013-03-12 01:00:00	2014-03-18 01:00:00		13080	
134918DA		FinFireWire	2013-03-12 01:00:00	2014-03-18 01:00:00		13080	
134918DA		FinFireWire	2013-03-12 01:00:00	2014-03-18 01:00:00		13080	
134918DA		FinFireWire	2013-03-12 01:00:00	2014-03-18 01:00:00		13080	
134918DA		FinFireWire	2013-03-12 01:00:00	2014-03-18 01:00:00		13080	
134918DA		FinFireWire	2013-03-12 01:00:00	2014-03-18 01:00:00		13080	
134918DA		FinFireWire	2013-03-12 01:00:00	2014-03-18 01:00:00		13080	
134918DA		FinFireWire	2013-03-12 01:00:00	2014-03-18 01:00:00		13080	
134918DA		FinFireWire	2013-03-12 01:00:00	2014-03-18 01:00:00		13080	
134918DA		FinFireWire	2013-03-12 01:00:00	2014-03-18 01:00:00		13080	
134918DA		FinFireWire	2013-03-12 01:00:00	2014-03-18 01:00:00		13080	
134918DA		FinFireWire	2013-03-12 01:00:00	2014-03-18 01:00:00		13080	
134918DA		FinFireWire	2013-03-12 01:00:00	2014-03-18 01:00:00		13080	
134918DA		FinFireWire	2013-03-12 01:00:00	2014-03-18 01:00:00		13080	
134918DA		FinFireWire	2013-03-12 01:00:00	2014-03-18 01:00:00		13080	
134918DA		FinFireWire	2013-03-12 01:00:00	2014-03-18 01:00:00		13080	
134918DA		FinFireWire	2013-03-12 01:00:00	2014-03-18 01:00:00		13080	
134918DA		FinFireWire	2013-03-12 01:00:00	2014-03-18 01:00:00		13080	
134918DA		FinFireWire	2013-03-12 01:00:00	2014-03-18 01:00:00		13080	
134918DA		FinFireWire	2013-03-12 01:00:00	2014-03-18 01:00:00		13080	
134918DA		FinFireWire	2013-03-12 01:00:00	2014-03-18 01:00:00		13080	
134918DA		FinFireWire	2013-03-12 01:00:00	2014-03-18 01:00:00		13080	
134918DA		FinFireWire	2013-03-12 01:00:00	2014-03-18 01:00:00		13080	
134918DA		FinFireWire	2013-03-12 01:00:00	2014-03-18 01:00:00		13080	
134918DA		FinFireWire	2013-03-12 01:00:00	2014-03-18 01:00:00		13080	
134918DA		FinFireWire	2013-03-12 01:00:00	2014-03-18 01:00:00		13080	
B58616D2		FinSpy	2011-03-23 01:00:00	2012-03-25 01:00:00	Base license + 30 targets + 3 agents	307200	Yes
B58616D2		FinSpy	2011-03-23 01:00:00	2012-03-25 01:00:00	Base license + 30 targets + 3 agents	307200	Yes
B58616D2		FinFly USB	2011-03-23 01:00:00	2012-03-25 01:00:00		4620	Yes
B58616D2		FinSpy	2012-05-14 02:00:00	2014-05-16 02:00:00	Base license + 30 targets + 3 mobile targets + 3 agents	369420	
B58616D2		FinFly USB	2012-05-14 02:00:00	2014-05-16 02:00:00		4620	
B58616D2		FinSpy Mobile	2012-05-14 02:00:00	2013-07-18 02:00:00	Base license + 30 targets + 5 mobile targets + 3 agents	374100	
D5D58215		FinIntrusion Kit	2011-03-29 02:00:00	2012-03-31 02:00:00		30600	Yes
D5D58215		FinIntrusion Kit	2011-03-29 02:00:00	2012-03-31 02:00:00		30600	Yes
D5D58215		FinSpy	2012-02-25 01:00:00	2013-02-27 01:00:00	Base license + 30 targets + 15 mobile targets + 3 agents	397500	Yes
D5D58215		FinSpy Mobile	2012-02-25 01:00:00	2013-03-05 01:00:00	Base license + 30 targets + 15 mobile targets + 3 agents	397500	Yes
D5D58215		FinSpy	2012-02-25 01:00:00	2014-02-27 01:00:00	Base license + 30 targets + 15 mobile targets + 3 agents	397500	Yes
D5D58215		FinSpy Mobile	2012-02-25 01:00:00	2014-03-05 01:00:00	Base license + 30 targets + 15 mobile targets + 3 agents	397500	Yes
D5D58215		FinSpy	2012-02-25 01:00:00	2017-03-05 01:00:00	Base license + 30 targets + 15 mobile targets + 3 agents	397500	
D5D58215		FinSpy Mobile	2012-02-25 01:00:00	2017-03-05 01:00:00	Base license + 30 targets + 15 mobile targets + 3 agents	397500	
AFE2D27D		FinSpy	2011-04-27 02:00:00	2011-06-01 02:00:00	Base license + 30 targets + 3 agents	307200	Yes
AFE2D27D		FinSpy	2011-04-27 02:00:00	2011-06-20 02:00:00	Base license + 30 targets + 3 agents	307200	Yes
AFE2D27D		FinSpy	2011-05-27 02:00:00	2012-06-06 02:00:00	Base license + 5 targets + 1 agents	179100	Yes
AFE2D27D		FinSpy	2012-11-27 01:00:00	2016-12-01 01:00:00	Base license + 5 targets + 1 agents	179100	
54F83B4E		FinSpy	2011-05-14 02:00:00	2012-05-23 02:00:00	Base license + 30 targets + 6 agents	341400	Yes
54F83B4E		FinFly USB	2011-05-14 02:00:00	2012-05-23 02:00:00		4620	Yes
54F83B4E		FinFly LAN	2012-02-25 01:00:00	2013-02-27 01:00:00		32580	Yes
54F83B4E		FinSpy	2011-05-14 02:00:00	2012-05-23 02:00:00	Base license + 30 targets + 20 mobile targets + 6 agents	443400	Yes
54F83B4E		FinSpy Mobile	2012-02-25 01:00:00	2013-02-26 01:00:00	Base license + 30 targets + 20 mobile targets + 6 agents	443400	Yes
54F83B4E		FinFly Web	2012-02-25 01:00:00	2013-02-26 01:00:00		36600	Yes
54F83B4E		FinFly USB	2011-05-14 02:00:00	2012-05-23 02:00:00		4620	Yes
54F83B4E		FinIntrusion Kit	2011-09-27 02:00:00	2012-09-29 02:00:00		30600	Yes
54F83B4E		FinSpy Mobile	2012-02-25 01:00:00	2013-08-07 02:00:00	Base license + 30 targets + 20 mobile targets + 6 agents	443400	
54F83B4E		FinSpy	2011-05-14 02:00:00	2013-08-07 02:00:00	Base license + 30 targets + 20 mobile targets + 6 agents	443400	
54F83B4E		FinFly USB	2011-05-14 02:00:00	2013-08-07 02:00:00		4620	
54F83B4E		FinFireWire	2013-05-21 02:00:00	2014-05-31 02:00:00		13080	
54F83B4E		FinSpy	2011-05-14 02:00:00	2015-03-31 02:00:00	Base license + 10 targets + 10 mobile targets + 6 agents	318000	
54F83B4E		FinSpy Mobile	2012-02-25 01:00:00	2015-03-31 02:00:00	Base license + 10 targets + 10 mobile targets + 6 agents	318000	
14ED6D84	Estonia	FinSpy	2011-06-01 02:00:00	2012-06-06 02:00:00	Base license + 25 targets + 8 agents	352500	Yes
14ED6D84	Estonia	FinFly USB	2011-06-01 02:00:00	2012-06-06 02:00:00		4620	Yes
14ED6D84	Estonia	FinFly USB	2011-06-01 02:00:00	2012-06-06 02:00:00		4620	Yes
14ED6D84	Estonia	FinUSB Suite	2011-06-05 02:00:00	2012-06-07 02:00:00		13080	Yes
14ED6D84	Estonia	FinUSB Suite	2011-06-05 02:00:00	2012-06-07 02:00:00		13080	Yes
14ED6D84	Estonia	FinFireWire	2011-06-05 02:00:00	2012-06-07 02:00:00		13080	Yes
14ED6D84	Estonia	FinFireWire	2011-06-05 02:00:00	2012-06-07 02:00:00		13080	Yes
14ED6D84	Estonia	FinFly Web	2011-08-27 02:00:00	2012-08-30 02:00:00		36600	Yes
14ED6D84	Estonia	FinFly Web	2011-08-27 02:00:00	2012-08-30 02:00:00		36600	Yes
14ED6D84	Estonia	FinFly Web	2011-08-27 02:00:00	2012-08-30 02:00:00		36600	Yes
14ED6D84	Estonia	FinIntrusion Kit	2011-08-27 02:00:00	2012-08-30 02:00:00		30600	Yes
14ED6D84	Estonia	FinIntrusion Kit	2011-08-27 02:00:00	2012-08-30 02:00:00		30600	Yes
14ED6D84	Estonia	FinFly LAN	2011-08-27 02:00:00	2012-08-30 02:00:00		32580	Yes
14ED6D84	Estonia	FinFly LAN	2011-08-27 02:00:00	2012-08-30 02:00:00		32580	Yes
14ED6D84	Estonia	FinUSB Suite	2011-06-05 02:00:00	2013-08-08 02:00:00		13080	Yes
14ED6D84	Estonia	FinFireWire	2011-06-05 02:00:00	2013-08-30 02:00:00		13080	
14ED6D84	Estonia	FinFireWire	2011-06-05 02:00:00	2013-08-30 02:00:00		13080	
14ED6D84	Estonia	FinIntrusion Kit	2011-08-27 02:00:00	2013-08-30 02:00:00		30600	Yes
14ED6D84	Estonia	FinIntrusion Kit	2011-08-27 02:00:00	2013-08-30 02:00:00		30600	Yes
14ED6D84	Estonia	FinSpy	2011-06-01 02:00:00	2013-08-30 02:00:00	Base license + 45 targets + 8 agents	454500	Yes
14ED6D84	Estonia	FinFly USB	2011-06-01 02:00:00	2013-08-30 02:00:00		4620	Yes
14ED6D84	Estonia	FinFly USB	2011-06-01 02:00:00	2013-08-30 02:00:00		4620	Yes
14ED6D84	Estonia	FinFly LAN	2011-08-27 02:00:00	2013-08-30 02:00:00		32580	Yes
14ED6D84	Estonia	FinFly LAN	2011-08-27 02:00:00	2013-08-30 02:00:00		32580	Yes
14ED6D84	Estonia	FinFly Web	2011-08-27 02:00:00	2013-08-30 02:00:00		36600	Yes
14ED6D84	Estonia	FinSpy Mobile	2012-06-18 02:00:00	2013-06-22 02:00:00	Base license + 45 targets + 10 mobile targets + 8 agents	477900	Yes
14ED6D84	Estonia	FinSpy Mobile	2012-06-18 02:00:00	2013-12-31 01:00:00	Base license + 45 targets + 10 mobile targets + 8 agents	477900	Yes
14ED6D84	Estonia	FinUSB Suite	2011-06-05 02:00:00	2014-08-30 02:00:00		13080	
14ED6D84	Estonia	FinIntrusion Kit	2011-08-27 02:00:00	2014-08-30 02:00:00		30600	
14ED6D84	Estonia	FinIntrusion Kit	2011-08-27 02:00:00	2014-08-30 02:00:00		30600	
14ED6D84	Estonia	FinFly USB	2011-06-01 02:00:00	2014-08-30 02:00:00		4620	
14ED6D84	Estonia	FinFly USB	2011-06-01 02:00:00	2014-08-30 02:00:00		4620	
14ED6D84	Estonia	FinSpy	2011-06-01 02:00:00	2014-08-30 02:00:00	Base license + 45 targets + 10 mobile targets + 8 agents	477900	
14ED6D84	Estonia	FinSpy Mobile	2012-06-18 02:00:00	2014-08-30 02:00:00	Base license + 45 targets + 10 mobile targets + 8 agents	477900	
14ED6D84	Estonia	FinFly LAN	2011-08-27 02:00:00	2014-08-30 02:00:00		32580	
14ED6D84	Estonia	FinFly LAN	2011-08-27 02:00:00	2014-08-30 02:00:00		32580	
14ED6D84	Estonia	FinFly Web	2011-08-27 02:00:00	2014-08-30 02:00:00		36600	
BEC8B100	Vietnam	FinSpy Mobile	2011-07-09 02:00:00	2012-07-10 02:00:00	Base license + 30 targets + 3 agents	307200	Yes
BEC8B100	Vietnam	FinSpy Mobile	2011-07-09 02:00:00	2013-07-10 02:00:00	Base license + 30 targets + 3 agents	307200	Yes
BEC8B100	Vietnam	FinSpy Mobile	2012-02-17 01:00:00	2014-02-26 01:00:00	Base license + 10 mobile targets + 1 agents	190800	
88F3D306	Australia NSW Police	FinSpy	2011-09-07 02:00:00	2011-12-31 01:00:00	Base license + 10 targets + 2 agents	202200	Yes
88F3D306	Australia NSW Police	FinSpy	2011-09-07 02:00:00	2012-03-01 01:00:00	Base license + 10 targets + 2 agents	202200	Yes
88F3D306	Australia NSW Police	FinSpy	2011-09-07 02:00:00	2012-08-31 02:00:00	Base license + 10 targets + 2 agents	202200	Yes
88F3D306	Australia NSW Police	FinSpy	2011-09-07 02:00:00	2012-12-24 01:00:00	Base license + 10 targets + 2 agents	202200	
88F3D306	Australia NSW Police	FinIntrusion Kit	2012-10-27 02:00:00	2015-11-16 01:00:00		30600	
88F3D306	Australia NSW Police	FinFly USB	2012-10-27 02:00:00	2015-11-10 01:00:00		4620	
88F3D306	Australia NSW Police	FinSpy	2012-10-27 02:00:00	2015-11-10 01:00:00	Base license + 30 targets + 30 mobile targets + 6 agents	466800	
88F3D306	Australia NSW Police	FinSpy Mobile	2012-10-27 02:00:00	2015-11-10 01:00:00	Base license + 30 targets + 30 mobile targets + 6 agents	466800	
88F3D306	Australia NSW Police	FinFireWire	2012-10-27 02:00:00	2015-11-16 01:00:00		13080	
86BECF61		FinUSB Suite	2011-09-10 02:00:00	2013-09-12 02:00:00		13080	Yes
86BECF61		FinFireWire	2011-09-10 02:00:00	2013-09-12 02:00:00		13080	Yes
86BECF61		FinFireWire	2011-09-10 02:00:00	2013-09-14 02:00:00		13080	Yes
86BECF61		FinUSB Suite	2011-09-10 02:00:00	2013-09-14 02:00:00		13080	Yes
86BECF61		FinFireWire	2011-09-10 02:00:00	2015-10-16 02:00:00		13080	
86BECF61		FinUSB Suite	2011-09-10 02:00:00	2015-10-16 02:00:00		13080	
DBB3DED7		FinFireWire	2011-09-17 02:00:00	2012-09-20 02:00:00		13080	Yes
DBB3DED7		FinFireWire	2011-10-18 02:00:00	2012-10-19 02:00:00		13080	Yes
DBB3DED7		FinUSB Suite	2012-01-09 01:00:00	2014-08-15 02:00:00		13080	
76026992		FinUSB Suite	2011-10-14 02:00:00	2012-10-16 02:00:00		13080	Yes
76026992		FinFireWire	2011-10-14 02:00:00	2012-10-16 02:00:00		13080	Yes
76026992		FinSpy	2011-10-14 02:00:00	2012-10-16 02:00:00	Base license + 30 targets + 3 agents	307200	Yes
76026992		FinUSB Suite	2011-10-14 02:00:00	2014-10-16 02:00:00		13080	Yes
76026992		FinFireWire	2011-10-14 02:00:00	2014-10-16 02:00:00		13080	Yes
76026992		FinSpy	2011-10-14 02:00:00	2014-10-16 02:00:00	Base license + 30 targets + 3 agents	307200	Yes
76026992		FinSpy Mobile	2011-10-21 02:00:00	2014-10-23 02:00:00	Base license + 30 targets + 3 agents	307200	Yes
76026992		FinFly USB	2011-10-14 02:00:00	2014-10-16 02:00:00		4620	Yes
76026992		FinFly LAN	2011-11-02 01:00:00	2014-11-08 01:00:00		32580	Yes
76026992		FinIntrusion Kit	2011-11-02 01:00:00	2014-11-08 01:00:00		30600	Yes
76026992		FinIntrusion Kit	2011-11-02 01:00:00	2014-12-05 01:00:00		30600	Yes
76026992		FinFly LAN	2011-11-02 01:00:00	2014-11-08 01:00:00		32580	Yes
76026992		FinSpy	2011-10-14 02:00:00	2015-03-16 01:00:00	Base license + 30 targets + 10 mobile targets + 4 agents	397200	Yes
76026992		FinSpy Mobile	2011-10-21 02:00:00	2015-03-16 01:00:00	Base license + 30 targets + 10 mobile targets + 4 agents	397200	Yes
76026992		FinSpy Mobile	2011-10-21 02:00:00	2015-05-16 02:00:00	Base license + 30 targets + 10 mobile targets + 4 agents	397200	Yes
76026992		FinUSB Suite	2011-10-14 02:00:00	2017-12-31 01:00:00		13080	
76026992		FinFireWire	2011-10-14 02:00:00	2017-12-31 01:00:00		13080	
76026992		FinIntrusion Kit	2011-11-02 01:00:00	2017-12-31 01:00:00		30600	
76026992		FinSpy	2011-10-14 02:00:00	2017-12-31 01:00:00	Base license + 30 targets + 10 mobile targets + 4 agents	397200	
76026992		FinSpy Mobile	2011-10-21 02:00:00	2017-12-31 01:00:00	Base license + 30 targets + 10 mobile targets + 4 agents	397200	
76026992		FinFly LAN	2011-11-02 01:00:00	2017-12-31 01:00:00		32580	
76026992		FinFly USB	2011-11-02 01:00:00	2017-12-31 01:00:00		4620	
76026992		FinFly Web	2014-04-12 02:00:00	2016-04-14 02:00:00		36600	
59763BFA		FinSpy	2011-11-19 01:00:00	2012-11-21 01:00:00	Base license + 30 targets + 3 agents	307200	Yes
59763BFA		FinIntrusion Kit	2011-12-03 01:00:00	2012-12-05 01:00:00		30600	Yes
59763BFA		FinUSB Suite	2011-12-03 01:00:00	2012-12-05 01:00:00		13080	Yes
59763BFA		FinSpy Mobile	2011-11-19 01:00:00	2012-11-21 01:00:00	Base license + 40 mobile targets + 3 agents	385800	Yes
59763BFA		FinSpy	2011-11-19 01:00:00	2013-07-16 02:00:00	Base license + 50 targets + 10 mobile targets + 3 agents	432600	Yes
59763BFA		FinFly USB	2011-11-19 01:00:00	2013-07-16 02:00:00		4620	Yes
59763BFA		FinSpy Mobile	2011-11-19 01:00:00	2013-07-16 02:00:00	Base license + 50 targets + 10 mobile targets + 3 agents	432600	Yes
59763BFA		FinSpy	2011-11-19 01:00:00	2013-07-16 02:00:00	Base license + 150 targets + 5 agents	666000	Yes
59763BFA		FinFly Web	2011-12-10 01:00:00	2013-05-31 02:00:00		36600	Yes
59763BFA		FinFireWire	2013-03-05 01:00:00	2014-03-07 01:00:00		13080	Yes
59763BFA		FinFly Web	2011-12-10 01:00:00	2013-12-31 01:00:00		36600	Yes
59763BFA		FinFly LAN	2011-12-10 01:00:00	2013-12-31 01:00:00		32580	Yes
59763BFA		FinIntrusion Kit	2011-12-03 01:00:00	2013-12-31 01:00:00		30600	Yes
59763BFA		FinSpy	2011-11-19 01:00:00	2013-12-31 01:00:00	Base license + 50 targets + 10 mobile targets + 3 agents	432600	Yes
59763BFA		FinSpy Mobile	2011-11-19 01:00:00	2013-12-31 01:00:00	Base license + 50 targets + 10 mobile targets + 3 agents	432600	Yes
59763BFA		FinSpy	1970-01-01 01:00:00	1970-01-01 01:00:00	Base license + 150 targets + 5 agents	666000	Yes
59763BFA		FinUSB Suite	2011-12-03 01:00:00	2013-12-31 01:00:00		13080	Yes
59763BFA		FinSpy	2011-11-19 01:00:00	2013-12-31 01:00:00	Base license + 150 targets + 5 agents	666000	Yes
59763BFA		FinIntrusion Kit	2011-12-10 01:00:00	2014-06-30 02:00:00		30600	Yes
59763BFA		FinUSB Suite	2011-12-03 01:00:00	2014-06-30 02:00:00		13080	Yes
59763BFA		FinSpy	2011-11-19 01:00:00	2014-06-30 02:00:00	Base license + 50 targets + 10 mobile targets + 3 agents	432600	Yes
59763BFA		FinSpy Mobile	2011-11-19 01:00:00	2014-06-30 02:00:00	Base license + 50 targets + 10 mobile targets + 3 agents	432600	Yes
59763BFA		FinSpy	2011-11-19 01:00:00	2014-06-30 02:00:00	Base license + 150 targets + 5 agents	666000	Yes
59763BFA		FinIntrusion Kit	2011-12-03 01:00:00	2014-06-30 02:00:00		30600	Yes
59763BFA		FinFly LAN	2011-12-03 01:00:00	2014-06-30 02:00:00		32580	Yes
59763BFA		FinFly Web	2011-12-10 01:00:00	2014-06-30 02:00:00		36600	Yes
59763BFA		FinUSB Suite	2011-12-03 01:00:00	2015-05-31 02:00:00		13080	
59763BFA		FinIntrusion Kit	2011-12-10 01:00:00	2015-05-31 02:00:00		30600	
59763BFA		FinFly LAN	2011-12-10 01:00:00	2015-05-31 02:00:00		32580	
59763BFA		FinFly Web	2011-12-10 01:00:00	2015-05-31 02:00:00		36600	
59763BFA		FinSpy	2011-11-19 01:00:00	2015-05-31 02:00:00	Base license + 40 targets + 20 mobile targets + 3 agents	432600	
59763BFA		FinSpy	2011-11-19 01:00:00	2015-05-31 02:00:00	Base license + 40 targets + 20 mobile targets + 3 agents	432600	
59763BFA		FinSpy Mobile	2011-11-19 01:00:00	2015-05-31 02:00:00	Base license + 40 targets + 20 mobile targets + 3 agents	432600	
C5093EE3		FinUSB Suite	2011-11-19 01:00:00	2012-11-21 01:00:00		13080	
C5093EE3		FinFireWire	2011-11-19 01:00:00	2012-11-21 01:00:00		13080	
C5093EE3		FinIntrusion Kit	2011-11-19 01:00:00	2012-11-21 01:00:00		30600	
3FED1144		FinSpy	2011-12-17 01:00:00	2012-12-19 01:00:00	Base license + 5 targets + 3 agents	201900	Yes
3FED1144		FinFly USB	2011-12-17 01:00:00	2012-12-19 01:00:00		4620	Yes
3FED1144		FinSpy	2012-12-17 01:00:00	2017-12-20 01:00:00	Base license + 5 targets + 3 agents	201900	
3FED1144		FinFly USB	2012-12-17 01:00:00	2017-12-20 01:00:00		4620	
3FED1144		FinFly Web	2012-02-21 01:00:00	2017-02-23 01:00:00		36600	
49378CEF		FinSpy	2012-01-07 01:00:00	2014-01-08 01:00:00	Base license + 20 targets + 9 agents	352200	Yes
49378CEF		FinSpy Mobile	2012-03-04 01:00:00	2014-03-06 01:00:00	Base license + 20 targets + 10 mobile targets + 9 agents	375600	Yes
49378CEF		FinSpy Mobile	2012-03-16 01:00:00	2014-03-18 01:00:00	Base license + 20 targets + 10 mobile targets + 9 agents	375600	Yes
49378CEF		FinSpy	2012-01-07 01:00:00	2014-03-18 01:00:00	Base license + 20 targets + 10 mobile targets + 9 agents	375600	Yes
49378CEF		FinFly Web	2012-03-17 01:00:00	2014-03-18 01:00:00		36600	Yes
49378CEF		FinSpy	2012-01-07 01:00:00	2015-03-18 01:00:00	Base license + 25 targets + 5 mobile targets + 9 agents	375600	
49378CEF		FinSpy Mobile	2012-03-16 01:00:00	2015-03-18 01:00:00	Base license + 25 targets + 5 mobile targets + 9 agents	375600	
49378CEF		FinFly Web	2012-03-17 01:00:00	2015-03-18 01:00:00		36600	
CC1AC4B8		FinSpy Mobile	2012-01-25 01:00:00	2013-01-30 01:00:00	Base license + 100 mobile targets + 10 agents	606000	Yes
CC1AC4B8		FinSpy	2012-01-25 01:00:00	2014-01-31 01:00:00	Base license + 30 targets + 85 mobile targets + 10 agents	641100	Yes
CC1AC4B8		FinSpy Mobile	2012-01-25 01:00:00	2014-01-31 01:00:00	Base license + 30 targets + 85 mobile targets + 10 agents	641100	Yes
CC1AC4B8		FinSpy	2012-01-25 01:00:00	2014-08-01 02:00:00	Base license + 30 targets + 85 mobile targets + 10 agents	641100	
CC1AC4B8		FinSpy Mobile	2012-01-25 01:00:00	2014-08-01 02:00:00	Base license + 30 targets + 85 mobile targets + 10 agents	641100	
89EC5BB5		FinSpy	2012-02-10 01:00:00	2013-02-13 01:00:00	Base license + 10 targets + 2 agents	202200	Yes
89EC5BB5		FinFly USB	2012-02-10 01:00:00	2013-02-13 01:00:00		4620	Yes
89EC5BB5		FinIntrusion Kit	2012-03-06 01:00:00	2013-03-09 01:00:00		30600	Yes
89EC5BB5		FinUSB Suite	2012-03-06 01:00:00	2013-03-09 01:00:00		13080	Yes
89EC5BB5		FinFireWire	2012-03-06 01:00:00	2013-03-09 01:00:00		13080	Yes
89EC5BB5		FinSpy	2012-02-10 01:00:00	2014-02-13 01:00:00	Base license + 10 targets + 2 agents	202200	Yes
89EC5BB5		FinIntrusion Kit	2012-03-06 01:00:00	2014-03-09 01:00:00		30600	Yes
89EC5BB5		FinUSB Suite	2012-03-06 01:00:00	2014-03-09 01:00:00		13080	Yes
89EC5BB5		FinFireWire	2012-03-06 01:00:00	2014-03-09 01:00:00		13080	Yes
89EC5BB5		FinFly USB	2012-02-10 01:00:00	2014-02-13 01:00:00		4620	Yes
89EC5BB5		FinSpy	2012-02-10 01:00:00	2015-02-13 01:00:00	Base license + 10 targets + 2 agents	202200	
89EC5BB5		FinIntrusion Kit	2012-03-06 01:00:00	2015-03-09 01:00:00		30600	
62CF12AD		FinFireWire	2012-02-01 01:00:00	2014-03-06 01:00:00		13080	Yes
62CF12AD		FinFly ISP	2012-02-01 01:00:00	2014-03-06 01:00:00			Yes
62CF12AD		FinFly LAN	2012-02-01 01:00:00	2014-03-06 01:00:00		32580	Yes
62CF12AD		FinFly USB	2012-02-01 01:00:00	2014-03-06 01:00:00		4620	Yes
62CF12AD		FinFly Web	2012-02-01 01:00:00	2014-03-06 01:00:00		36600	Yes
62CF12AD		FinIntrusion Kit	2012-02-01 01:00:00	2014-03-06 01:00:00		30600	Yes
62CF12AD		FinSpy	2012-02-01 01:00:00	2014-03-06 01:00:00	Base license + 30 targets + 3 agents	307200	Yes
62CF12AD		FinSpy Mobile	2012-02-01 01:00:00	2014-03-06 01:00:00	Base license + 30 targets + 3 agents	307200	Yes
62CF12AD		FinUSB Suite	2012-02-01 01:00:00	2014-03-06 01:00:00		13080	Yes
3DF77708		FinSpy	2012-03-10 01:00:00	2013-03-12 01:00:00	Base license + 20 targets + 5 agents	306600	
3DF77708		FinFly USB	2012-03-10 01:00:00	2013-03-12 01:00:00		4620	
70CD6D97	Belgium	FinSpy	2012-05-19 02:00:00	2013-05-21 02:00:00	Base license + 5 targets + 5 mobile targets + 4 agents	225000	Yes
70CD6D97	Belgium	FinFly USB	2012-05-19 02:00:00	2013-05-21 02:00:00		4620	Yes
70CD6D97	Belgium	FinSpy Mobile	2012-05-19 02:00:00	2013-05-21 02:00:00	Base license + 5 targets + 5 mobile targets + 4 agents	225000	Yes
70CD6D97	Belgium	FinFly LAN	2012-06-04 02:00:00	2013-06-11 02:00:00		32580	Yes
70CD6D97	Belgium	FinFireWire	2012-06-04 02:00:00	2013-06-06 02:00:00		13080	Yes
70CD6D97	Belgium	FinFly Web	2012-06-09 02:00:00	2013-06-11 02:00:00		36600	Yes
70CD6D97	Belgium	FinIntrusion Kit	2013-02-27 01:00:00	2014-03-07 01:00:00		30600	
70CD6D97	Belgium	FinSpy	2013-05-19 02:00:00	2014-05-21 02:00:00	Base license + 5 targets + 5 mobile targets + 4 agents	225000	
70CD6D97	Belgium	FinFly USB	2013-05-19 02:00:00	2014-05-21 02:00:00		4620	Yes
70CD6D97	Belgium	FinSpy Mobile	2013-05-19 02:00:00	2014-05-21 02:00:00	Base license + 5 targets + 5 mobile targets + 4 agents	225000	
70CD6D97	Belgium	FinFly LAN	2013-06-09 02:00:00	2014-06-11 02:00:00		32580	
70CD6D97	Belgium	FinFireWire	2013-06-04 02:00:00	2014-06-06 02:00:00		13080	
70CD6D97	Belgium	FinFly Web	2012-06-09 02:00:00	2014-06-11 02:00:00		36600	
79E95D1D		FinFly USB	2012-05-26 02:00:00	2013-05-30 02:00:00		4620	
79E95D1D		FinSpy	2012-05-26 02:00:00	2013-05-30 02:00:00	Base license + 5 targets + 1 agents	179100	
663F8B4D		FinSpy	2012-06-09 02:00:00	2015-06-16 02:00:00	Base license + 10 targets + 2 agents	202200	
663F8B4D		FinFly USB	2012-06-09 02:00:00	2015-06-16 02:00:00		4620	
663F8B4D		FinUSB Suite	2012-06-09 02:00:00	2015-06-16 02:00:00		13080	
1E198336		FinSpy	2011-11-12 01:00:00	2014-11-14 01:00:00	Base license + 40 targets + 3 agents	385800	
1E198336		FinFly USB	2011-11-12 01:00:00	2014-11-14 01:00:00		4620	
F9660CE4	Nigeria	FinSpy	2012-08-05 02:00:00	2013-09-09 02:00:00	Base license + 15 targets + 15 mobile targets + 3 agents	307200	
F9660CE4	Nigeria	FinSpy Mobile	2012-08-05 02:00:00	2013-09-09 02:00:00	Base license + 15 targets + 15 mobile targets + 3 agents	307200	
F9660CE4	Nigeria	FinFly LAN	2012-08-12 02:00:00	2013-09-09 02:00:00		32580	
F9660CE4	Nigeria	FinIntrusion Kit	2012-08-12 02:00:00	2013-09-09 02:00:00		30600	
F9660CE4	Nigeria	FinUSB Suite	2012-08-12 02:00:00	2013-09-09 02:00:00		13080	
F9660CE4	Nigeria	FinFireWire	2012-08-12 02:00:00	2013-09-09 02:00:00		13080	
CF770EB3		FinFly Web	2012-07-23 02:00:00	2015-07-28 02:00:00		36600	
0917680A		FinUSB Suite	2012-09-09 02:00:00	2015-09-24 02:00:00		13080	
0917680A		FinFireWire	2012-09-09 02:00:00	2015-09-24 02:00:00		13080	
0917680A		FinSpy	2012-09-09 02:00:00	2015-09-24 02:00:00	Base license + 30 targets + 30 mobile targets + 4 agents	444000	
0917680A		FinFly USB	2012-09-09 02:00:00	2015-09-24 02:00:00		4620	
0917680A		FinSpy Mobile	2012-09-09 02:00:00	2015-09-24 02:00:00	Base license + 30 targets + 30 mobile targets + 4 agents	444000	
0917680A		FinFly Web	2013-03-02 01:00:00	2016-04-11 02:00:00		36600	Yes
0917680A		FinFly LAN	2013-03-02 01:00:00	2016-03-04 01:00:00		32580	
0917680A		FinIntrusion Kit	2013-03-02 01:00:00	2016-03-11 01:00:00		30600	
0917680A		FinFly Web	2013-03-02 01:00:00	2016-03-11 01:00:00		36600	
20FEC907	Netherlands KLPD	FinSpy	2012-09-16 02:00:00	2013-09-17 02:00:00	Base license + 5 targets + 5 mobile targets + 2 agents	202200	Yes
20FEC907	Netherlands KLPD	FinSpy	2012-09-16 02:00:00	2012-09-17 02:00:00	Base license + 1 targets + 1 mobile targets + 1 agents	172080	Yes
20FEC907	Netherlands KLPD	FinSpy Mobile	2012-09-16 02:00:00	2013-09-17 02:00:00	Base license + 1 targets + 1 mobile targets + 1 agents	172080	Yes
20FEC907	Netherlands KLPD	FinSpy Mobile	2012-09-15 02:00:00	2013-09-17 02:00:00	Base license + 5 targets + 5 mobile targets + 2 agents	202200	Yes
20FEC907	Netherlands KLPD	FinFly USB	2012-09-16 02:00:00	2013-09-17 02:00:00		4620	Yes
20FEC907	Netherlands KLPD	FinSpy	2012-09-16 02:00:00	2013-09-17 02:00:00	Base license + 1 targets + 1 mobile targets + 1 agents	172080	Yes
20FEC907	Netherlands KLPD	FinSpy	2012-09-16 02:00:00	2014-01-04 01:00:00	Base license + 5 targets + 5 mobile targets + 2 agents	202200	Yes
20FEC907	Netherlands KLPD	FinSpy	2012-09-16 02:00:00	2014-01-04 01:00:00	Base license + 5 targets + 5 mobile targets + 2 agents	202200	Yes
20FEC907	Netherlands KLPD	FinSpy Mobile	2012-09-15 02:00:00	2014-01-04 01:00:00	Base license + 5 targets + 5 mobile targets + 2 agents	202200	Yes
20FEC907	Netherlands KLPD	FinSpy Mobile	2012-09-15 02:00:00	2014-01-04 01:00:00	Base license + 5 targets + 5 mobile targets + 2 agents	202200	Yes
20FEC907	Netherlands KLPD	FinFly USB	2012-09-16 02:00:00	2014-01-04 01:00:00		4620	Yes
20FEC907	Netherlands KLPD	FinSpy	2012-09-16 02:00:00	2014-04-04 02:00:00	Base license + 2 targets + 2 mobile targets + 3 agents	199560	Yes
20FEC907	Netherlands KLPD	FinSpy Mobile	2012-09-16 02:00:00	2014-04-04 02:00:00	Base license + 2 targets + 2 mobile targets + 3 agents	199560	Yes
20FEC907	Netherlands KLPD	FinSpy Mobile	2012-09-15 02:00:00	2015-06-30 02:00:00	Base license + 5 targets + 5 mobile targets + 2 agents	202200	
20FEC907	Netherlands KLPD	FinSpy	2012-09-16 02:00:00	2015-06-30 02:00:00	Base license + 5 targets + 5 mobile targets + 2 agents	202200	
20FEC907	Netherlands KLPD	FinSpy	2012-09-16 02:00:00	2014-07-31 02:00:00	Base license + 2 targets + 2 mobile targets + 3 agents	199560	Yes
B206FF8C	Singapore PCS Security	FinUSB Suite	2012-10-05 02:00:00	2013-10-07 02:00:00		13080	Yes
B206FF8C	Singapore PCS Security	FinIntrusion Kit	2012-08-21 02:00:00	2013-08-23 02:00:00		30600	Yes
B206FF8C	Singapore PCS Security	FinSpy	2012-10-05 02:00:00	2013-10-07 02:00:00	Base license + 10 targets + 1 agents	190800	Yes
B206FF8C	Singapore PCS Security	FinSpy	2012-10-05 02:00:00	2013-10-07 02:00:00	Base license + 150 targets + 5 agents	666000	Yes
B206FF8C	Singapore PCS Security	FinFly USB	2012-10-05 02:00:00	2013-10-07 02:00:00		4620	Yes
B206FF8C	Singapore PCS Security	FinIntrusion Kit	2012-11-27 01:00:00	2013-11-30 01:00:00		30600	Yes
B206FF8C	Singapore PCS Security	FinSpy	2012-10-05 02:00:00	2014-01-23 01:00:00	Base license + 150 targets + 5 agents	666000	Yes
B206FF8C	Singapore PCS Security	FinSpy	2012-10-05 02:00:00	2014-01-23 01:00:00	Base license + 10 targets + 1 agents	190800	Yes
B206FF8C	Singapore PCS Security	FinFly USB	2012-10-05 02:00:00	2014-01-23 01:00:00		4620	Yes
B206FF8C	Singapore PCS Security	FinUSB Suite	2012-10-05 02:00:00	2014-02-28 01:00:00		13080	Yes
B206FF8C	Singapore PCS Security	FinIntrusion Kit	2012-10-05 02:00:00	2014-02-28 01:00:00		30600	Yes
B206FF8C	Singapore PCS Security	FinSpy	2012-10-05 02:00:00	2014-02-28 01:00:00	Base license + 10 targets + 1 agents	190800	Yes
B206FF8C	Singapore PCS Security	FinSpy	2012-10-05 02:00:00	2014-02-28 01:00:00	Base license + 10 targets + 1 agents	190800	Yes
B206FF8C	Singapore PCS Security	FinUSB Suite	2012-10-05 02:00:00	2019-03-01 01:00:00		13080	Yes
B206FF8C	Singapore PCS Security	FinIntrusion Kit	2012-11-27 01:00:00	2019-03-01 01:00:00		30600	Yes
B206FF8C	Singapore PCS Security	FinSpy	2012-10-05 02:00:00	2019-03-01 01:00:00	Base license + 10 targets + 1 agents	190800	
B206FF8C	Singapore PCS Security	FinSpy	2012-10-05 02:00:00	2019-03-01 01:00:00	Base license + 150 targets + 5 agents	666000	
B206FF8C	Singapore PCS Security	FinUSB Suite	2012-10-05 02:00:00	2016-03-01 01:00:00		13080	
B206FF8C	Singapore PCS Security	FinIntrusion Kit	2012-11-27 01:00:00	2016-03-01 01:00:00		30600	
82990EA6		FinSpy	2012-11-10 01:00:00	2013-11-16 01:00:00	Base license + 10 targets + 3 agents	213600	Yes
82990EA6		FinFly USB	2012-11-10 01:00:00	2013-11-16 01:00:00		4620	Yes
82990EA6		FinUSB Suite	2012-11-10 01:00:00	2013-11-16 01:00:00		13080	Yes
82990EA6		FinSpy	2012-11-10 01:00:00	2015-11-16 01:00:00	Base license + 10 targets + 3 agents	213600	
82990EA6		FinFly USB	2012-11-10 01:00:00	2015-11-16 01:00:00		4620	
82990EA6		FinUSB Suite	2012-11-10 01:00:00	2015-11-16 01:00:00		13080	
6B9EDD58	Bangladesh	FinSpy	2012-11-12 01:00:00	2013-01-11 01:00:00	Base license + 20 targets + 2 agents	272400	Yes
6B9EDD58	Bangladesh	FinFly USB	2012-11-12 01:00:00	2013-01-11 01:00:00		4620	Yes
6B9EDD58	Bangladesh	FinSpy	2012-11-12 01:00:00	2013-11-16 01:00:00	Base license + 20 targets + 2 agents	272400	Yes
6B9EDD58	Bangladesh	FinFly USB	2012-11-12 01:00:00	2013-11-16 01:00:00		4620	Yes
6B9EDD58	Bangladesh	FinSpy	2012-11-12 01:00:00	2014-11-16 01:00:00	Base license + 20 targets + 2 agents	272400	
6B9EDD58	Bangladesh	FinFly USB	2012-11-12 01:00:00	2014-11-16 01:00:00		4620	
79A22210		FinSpy	2012-11-24 01:00:00	2013-12-02 01:00:00	Base license + 10 targets + 2 agents	202200	Yes
79A22210		FinSpy	2012-11-24 01:00:00	2013-12-02 01:00:00	Base license + 10 targets + 2 agents	202200	Yes
79A22210		FinSpy	2012-11-24 01:00:00	2014-02-28 01:00:00	Base license + 10 targets + 2 agents	202200	
0012A3F0	Hungary SSNS	FinFly USB	2012-12-01 01:00:00	2013-12-10 01:00:00		4620	Yes
0012A3F0	Hungary SSNS	FinSpy	2012-12-01 01:00:00	2013-12-10 01:00:00	Base license + 10 targets + 1 agents	190800	Yes
0012A3F0	Hungary SSNS	FinFireWire	2013-10-19 02:00:00	2014-10-24 02:00:00		13080	
0012A3F0	Hungary SSNS	FinSpy	2013-12-28 01:00:00	2014-12-30 01:00:00	Base license + 10 targets + 1 agents	190800	
0012A3F0	Hungary SSNS	FinFly USB	2013-12-28 01:00:00	2014-12-30 01:00:00		4620	
36666677		FinSpy	2012-11-19 01:00:00	2014-11-21 01:00:00	Base license + 100 targets + 4 agents	537600	
36666677		FinSpy Mobile	2012-11-19 01:00:00	2014-11-21 01:00:00	Base license + 150 mobile targets + 6 agents	677400	
36666677		FinIntrusion Kit	2013-03-09 01:00:00	2015-03-15 01:00:00		30600	
36666677		FinIntrusion Kit	2013-03-09 01:00:00	2015-03-15 01:00:00		30600	
36666677		FinIntrusion Kit	2013-03-09 01:00:00	2015-03-15 01:00:00		30600	
36666677		FinFly LAN	2013-03-09 01:00:00	2015-03-15 01:00:00		32580	
36666677		FinFly LAN	2013-03-09 01:00:00	2015-03-15 01:00:00		32580	
36666677		FinFly LAN	2013-03-09 01:00:00	2015-03-15 01:00:00		32580	
36666677		FinFly Web	2013-03-09 01:00:00	2015-03-15 01:00:00		36600	
36666677		FinFly Web	2013-03-09 01:00:00	2015-03-15 01:00:00		36600	
36666677		FinFly Web	2013-03-09 01:00:00	2015-03-15 01:00:00		36600	
7656ED4D		FinUSB Suite	2012-12-18 01:00:00	2013-12-23 01:00:00		13080	
DA93FA7D		FinUSB Suite	2012-12-18 01:00:00	2013-12-23 01:00:00		13080	
FB0C602B		FinFly Web	2013-01-13 01:00:00	2013-01-19 01:00:00		36600	Yes
FB0C602B		FinFly LAN	2013-01-13 01:00:00	2013-01-19 01:00:00		32580	Yes
FB0C602B		FinFly Web	2013-01-13 01:00:00	2014-01-19 01:00:00		36600	Yes
FB0C602B		FinFly LAN	2013-01-13 01:00:00	2014-01-19 01:00:00		32580	Yes
FB0C602B		FinFly USB	2013-01-19 01:00:00	2014-01-31 01:00:00		4620	Yes
FB0C602B		FinSpy	2013-01-19 01:00:00	2014-01-31 01:00:00	Base license + 6 targets + 6 mobile targets + 1 agents	242280	Yes
FB0C602B		FinSpy Mobile	2013-01-19 01:00:00	2014-01-31 01:00:00	Base license + 6 targets + 6 mobile targets + 1 agents	242280	Yes
FB0C602B		FinFly Web	2013-01-13 01:00:00	2015-02-22 01:00:00		36600	
FB0C602B		FinFly LAN	2013-01-13 01:00:00	2015-02-22 01:00:00		32580	
FB0C602B		FinFly USB	2013-01-19 01:00:00	2015-02-22 01:00:00		4620	
FB0C602B		FinSpy	2013-01-19 01:00:00	2015-02-22 01:00:00	Base license + 6 targets + 6 mobile targets + 1 agents	242280	
FB0C602B		FinSpy Mobile	2013-01-19 01:00:00	2015-02-22 01:00:00	Base license + 6 targets + 6 mobile targets + 1 agents	242280	
22F984B0		FinFly USB	2013-01-19 01:00:00	2015-02-22 01:00:00		4620	
22F984B0		FinSpy	2013-01-19 01:00:00	2015-02-22 01:00:00	Base license + 6 targets + 6 mobile targets + 1 agents	242280	
22F984B0		FinSpy Mobile	2013-01-19 01:00:00	2015-02-22 01:00:00	Base license + 6 targets + 6 mobile targets + 1 agents	242280	
22F984B0		FinFly Web	2013-02-17 01:00:00	2015-02-22 01:00:00		36600	
22F984B0		FinFly LAN	2013-02-17 01:00:00	2015-02-22 01:00:00		32580	
EDD0F89C		FinUSB Suite	2013-02-14 01:00:00	2016-02-16 01:00:00		13080	
7306871B	Italy	FinSpy	2013-02-23 01:00:00	2014-02-25 01:00:00	Base license + 5 targets + 5 mobile targets + 6 agents	247800	Yes
7306871B	Italy	FinSpy Mobile	2013-02-23 01:00:00	2014-02-25 01:00:00	Base license + 5 targets + 5 mobile targets + 6 agents	247800	Yes
7306871B	Italy	FinSpy	2013-02-23 01:00:00	2014-12-31 01:00:00	Base license + 75 targets + 25 mobile targets + 6 agents	560400	
7306871B	Italy	FinSpy Mobile	2013-02-23 01:00:00	2014-12-31 01:00:00	Base license + 75 targets + 25 mobile targets + 6 agents	560400	
7F425F82	Bosnia Herzegovina Intelligence	FinFly USB	2013-03-16 01:00:00	2014-03-22 01:00:00		4620	Yes
7F425F82	Bosnia Herzegovina Intelligence	FinSpy	2013-03-16 01:00:00	2014-03-22 01:00:00	Base license + 10 targets + 2 agents	202200	Yes
7F425F82	Bosnia Herzegovina Intelligence	FinSpy	2013-03-16 01:00:00	2015-03-22 01:00:00	Base license + 10 targets + 2 agents	202200	
43A301F9		FinSpy	2013-04-02 02:00:00	2017-04-12 02:00:00	Base license + 25 targets + 5 mobile targets + 2 agents	295800	
43A301F9		FinFly USB	2013-04-02 02:00:00	2017-04-12 02:00:00		4620	
43A301F9		FinIntrusion Kit	2013-04-14 02:00:00	2017-04-20 02:00:00		30600	
43A301F9		FinFireWire	2013-04-14 02:00:00	2017-04-20 02:00:00		13080	
43A301F9		FinFly LAN	2013-04-15 02:00:00	2017-04-20 02:00:00		32580	
43A301F9		FinFly Web	2013-04-15 02:00:00	2017-04-20 02:00:00		36600	
43A301F9		FinSpy Mobile	2013-04-02 02:00:00	2017-04-12 02:00:00	Base license + 25 targets + 5 mobile targets + 2 agents	295800	
151D22D0		FinSpy	2013-05-02 02:00:00	2015-05-10 02:00:00	Base license + 10 targets + 10 mobile targets + 2 agents	272400	
151D22D0		FinSpy Mobile	2013-05-02 02:00:00	2015-05-10 02:00:00	Base license + 10 targets + 10 mobile targets + 2 agents	272400	
151D22D0		FinFly USB	2013-05-02 02:00:00	2015-05-10 02:00:00		4620	
151D22D0		FinUSB Suite	2013-08-05 02:00:00	2014-08-10 02:00:00		13080	
151D22D0		FinFireWire	2013-08-05 02:00:00	2014-08-10 02:00:00		13080	
151D22D0		FinIntrusion Kit	2013-08-05 02:00:00	2014-08-10 02:00:00		30600	
80C618D4	Italy	FinSpy	2013-07-13 02:00:00	2014-07-16 02:00:00	Base license + 15 targets + 15 mobile targets + 6 agents	341400	
80C618D4	Italy	FinSpy Mobile	2013-07-13 02:00:00	2014-07-16 02:00:00	Base license + 15 targets + 15 mobile targets + 6 agents	341400	Yes
80C618D4	Italy	FinSpy Mobile	2013-07-13 02:00:00	2014-07-16 02:00:00	Base license + 15 targets + 15 mobile targets + 6 agents	341400	
026B8822		FinSpy	2012-11-01 01:00:00	2014-11-10 01:00:00	Base license + 100 targets + 10 agents	606000	
026B8822		FinFireWire	2013-03-14 01:00:00	2014-03-21 01:00:00		13080	Yes
026B8822		FinIntrusion Kit	2013-03-14 01:00:00	2014-03-21 01:00:00		30600	Yes
026B8822		FinFly LAN	2013-03-14 01:00:00	2014-03-21 01:00:00		32580	Yes
026B8822		FinFly Web	2013-03-14 01:00:00	2014-03-21 01:00:00		36600	Yes
026B8822		FinSpy Mobile	2013-12-05 01:00:00	2015-12-13 01:00:00	Base license + 50 targets + 50 mobile targets + 10 agents	606000	
026B8822		FinFireWire	2013-03-14 01:00:00	2015-03-21 01:00:00		13080	
026B8822		FinIntrusion Kit	2013-03-14 01:00:00	2015-03-21 01:00:00		30600	
026B8822		FinFly LAN	2013-03-14 01:00:00	2015-03-21 01:00:00		32580	
026B8822		FinFly Web	2013-03-14 01:00:00	2015-03-21 01:00:00		36600	
C6FEB248		FinFly USB	2013-08-24 02:00:00	2014-09-06 02:00:00		4620	
C6FEB248		FinSpy	2013-08-24 02:00:00	2014-09-06 02:00:00	Base license + 3 targets + 3 mobile targets + 1 agents	181440	
C6FEB248		FinSpy Mobile	2013-08-24 02:00:00	2014-09-06 02:00:00	Base license + 3 targets + 3 mobile targets + 1 agents	181440	
CC57BE53		FinSpy	2013-08-31 02:00:00	2014-09-13 02:00:00	Base license + 10 targets + 5 mobile targets + 3 agents	272100	Yes
CC57BE53		FinSpy Mobile	2013-08-31 02:00:00	2014-09-13 02:00:00	Base license + 10 targets + 5 mobile targets + 3 agents	272100	Yes
CC57BE53		FinUSB Suite	2013-09-14 02:00:00	2016-09-20 02:00:00		13080	Yes
CC57BE53		FinUSB Suite	2013-09-14 02:00:00	2016-09-20 02:00:00		13080	Yes
CC57BE53		FinIntrusion Kit	2013-09-14 02:00:00	2016-09-20 02:00:00		30600	Yes
CC57BE53		FinIntrusion Kit	2013-09-14 02:00:00	2016-09-20 02:00:00		30600	Yes
CC57BE53		FinFly LAN	2013-09-14 02:00:00	2016-09-20 02:00:00		32580	Yes
CC57BE53		FinFly LAN	2013-09-14 02:00:00	2016-09-20 02:00:00		32580	Yes
CC57BE53		FinFly Web	2013-10-08 02:00:00	2016-10-12 02:00:00		36600	Yes
CC57BE53		FinSpy	2013-08-31 02:00:00	2016-09-13 02:00:00	Base license + 10 targets + 5 mobile targets + 3 agents	272100	
CC57BE53		FinSpy Mobile	2013-08-31 02:00:00	2016-09-13 02:00:00	Base license + 10 targets + 5 mobile targets + 3 agents	272100	
CC57BE53		FinUSB Suite	2013-09-14 02:00:00	2016-09-20 02:00:00		13080	
CC57BE53		FinUSB Suite	2013-09-14 02:00:00	2016-09-20 02:00:00		13080	
CC57BE53		FinIntrusion Kit	2013-09-14 02:00:00	2016-09-20 02:00:00		30600	
CC57BE53		FinFly LAN	2013-09-14 02:00:00	2016-09-20 02:00:00		32580	
CC57BE53		FinIntrusion Kit	2013-09-14 02:00:00	2016-09-20 02:00:00		30600	
CC57BE53		FinFly LAN	2013-09-14 02:00:00	2016-09-20 02:00:00		32580	
CC57BE53		FinFly Web	2013-10-08 02:00:00	2016-10-12 02:00:00		36600	
2A167AC6		FinSpy Mobile	2003-10-04 02:00:00	2016-10-12 02:00:00	Base license + 30 targets + 30 mobile targets + 3 agents	432600	
2A167AC6		FinSpy	2013-09-14 02:00:00	2016-09-20 02:00:00	Base license + 30 targets + 30 mobile targets + 3 agents	432600	
2A167AC6		FinIntrusion Kit	2013-10-28 01:00:00	2016-09-27 02:00:00		30600	
2A167AC6		FinFireWire	2013-09-21 02:00:00	2016-09-27 02:00:00		13080	
2A167AC6		FinUSB Suite	2013-09-21 02:00:00	2016-09-27 02:00:00		13080	
F547C8AC		FinIntrusion Kit	2013-10-20 02:00:00	2014-11-01 01:00:00		30600	Yes
F547C8AC		FinUSB Suite	2013-09-18 02:00:00	2014-09-25 02:00:00		13080	
F547C8AC		FinIntrusion Kit	2013-10-20 02:00:00	2014-11-01 01:00:00		30600	
F90ACE17		FinFireWire	2013-04-02 02:00:00	2014-04-06 02:00:00		13080	
F90ACE17		FinSpy	2012-12-16 01:00:00	2013-12-17 01:00:00	Base license + 15 targets + 3 agents	272100	Yes
F90ACE17		FinSpy Mobile	2012-12-16 01:00:00	2013-12-17 01:00:00	Base license + 15 mobile targets + 2 agents	260700	Yes
F90ACE17		FinSpy	2012-12-16 01:00:00	2015-02-15 01:00:00	Base license + 100 targets + 3 agents	526200	
F90ACE17		FinSpy Mobile	2012-12-16 01:00:00	2015-02-15 01:00:00	Base license + 50 mobile targets + 2 agents	397800	
F90ACE17		FinIntrusion Kit	2014-02-13 01:00:00	2015-02-15 01:00:00		30600	
F90ACE17		FinIntrusion Kit	2014-02-13 01:00:00	2015-02-15 01:00:00		30600	
F90ACE17		FinIntrusion Kit	2014-02-13 01:00:00	2015-02-15 01:00:00		30600	
F90ACE17		FinIntrusion Kit	2014-02-13 01:00:00	2015-02-15 01:00:00		30600	
F90ACE17		FinUSB Suite	2014-02-13 01:00:00	2015-02-15 01:00:00		13080	
F90ACE17		FinUSB Suite	2014-02-13 01:00:00	2015-02-15 01:00:00		13080	
F90ACE17		FinUSB Suite	2014-02-13 01:00:00	2015-02-15 01:00:00		13080	
F90ACE17		FinUSB Suite	2014-02-13 01:00:00	2015-02-15 01:00:00		13080	
F90ACE17		FinFly LAN	2014-02-13 01:00:00	2015-02-15 01:00:00		32580	
F90ACE17		FinFly Web	2014-02-13 01:00:00	2015-02-15 01:00:00		36600	
Geoff1		FinFly Net	2012-07-30 02:00:00	2014-08-01 02:00:00		163898	Yes
180018D8		FinSpy	2013-11-10 01:00:00	2015-11-16 01:00:00	Base license + 30 targets + 30 mobile targets + 6 agents	466800	
180018D8		FinSpy Mobile	2013-11-10 01:00:00	2015-11-16 01:00:00	Base license + 30 targets + 30 mobile targets + 6 agents	466800	
180018D8		FinIntrusion Kit	2014-02-05 01:00:00	2016-02-07 01:00:00		30600	
180018D8		FinUSB Suite	2014-02-05 01:00:00	2016-02-07 01:00:00		13080	
180018D8		FinFireWire	2014-02-05 01:00:00	2016-02-07 01:00:00		13080	
180018D8		FinFly LAN	2014-03-15 01:00:00	2016-03-17 01:00:00		32580	
180018D8		FinFly Web	2014-03-15 01:00:00	2016-03-17 01:00:00		36600	
613780C4		FinSpy Mobile	2014-01-04 01:00:00	2015-01-06 01:00:00	Base license + 30 mobile targets + 3 agents	307200	
6B5CC6A2		FinSpy Mobile	2014-01-04 01:00:00	2015-01-12 01:00:00	Base license + 12 mobile targets + 1 agents	242280	
FCFE2B79		FinUSB Suite	2014-01-25 01:00:00	2016-01-30 01:00:00		13080	Yes
FCFE2B79		FinFireWire	2014-01-25 01:00:00	2016-01-30 01:00:00		13080	Yes
FCFE2B79		FinFireWire	2014-01-25 01:00:00	2016-01-30 01:00:00		13080	Yes
FCFE2B79		FinSpy	2014-01-25 01:00:00	2016-01-30 01:00:00	Base license + 70 targets + 30 mobile targets + 3 agents	526200	Yes
FCFE2B79		FinSpy Mobile	2014-01-25 01:00:00	2016-01-30 01:00:00	Base license + 70 targets + 30 mobile targets + 3 agents	526200	Yes
FCFE2B79		FinFly USB	2014-01-25 01:00:00	2016-01-30 01:00:00		4620	Yes
C1D31255		FinUSB Suite	2014-01-25 01:00:00	2016-01-30 01:00:00		13080	
C1D31255		FinFireWire	2014-01-25 01:00:00	2016-01-30 01:00:00		13080	
C1D31255		FinFireWire	2014-01-25 01:00:00	2016-01-30 01:00:00		13080	
C1D31255		FinFly USB	2014-01-25 01:00:00	2016-01-30 01:00:00		4620	
C1D31255		FinSpy	2014-01-25 01:00:00	2016-01-30 01:00:00	Base license + 70 targets + 30 mobile targets + 3 agents	526200	
C1D31255		FinSpy Mobile	2014-01-25 01:00:00	2016-01-30 01:00:00	Base license + 70 targets + 30 mobile targets + 3 agents	526200	
C1D31255		FinFly Web	2014-03-22 01:00:00	2016-03-28 02:00:00		36600	
72EDF7D3		FinSpy	2013-11-16 01:00:00	2014-11-20 01:00:00	Base license + 5 targets + 5 mobile targets + 2 agents	202200	
72EDF7D3		FinSpy Mobile	2013-11-16 01:00:00	2014-11-20 01:00:00	Base license + 5 targets + 5 mobile targets + 2 agents	202200	
78D08C85		FinIntrusion Kit	2013-02-17 01:00:00	2015-02-22 01:00:00		30600	
78D08C85		FinIntrusion Kit	2013-02-17 01:00:00	2015-02-22 01:00:00		30600	
78D08C85		FinSpy	2012-12-19 01:00:00	2014-12-20 01:00:00	Base license + 30 targets + 50 mobile targets + 6 agents	513600	
78D08C85		FinSpy Mobile	2012-12-19 01:00:00	2014-12-20 01:00:00	Base license + 30 targets + 50 mobile targets + 6 agents	513600	
78D08C85		FinFly LAN	2013-02-17 01:00:00	2015-02-22 01:00:00		32580	
78D08C85		FinFly LAN	2013-02-17 01:00:00	2015-02-22 01:00:00		32580	
78D08C85		FinUSB Suite	2013-02-17 01:00:00	2015-02-22 01:00:00		13080	
78D08C85		FinFireWire	2013-02-17 01:00:00	2015-02-22 01:00:00		13080	
78D08C85		FinFly Web	2013-02-17 01:00:00	2015-02-22 01:00:00		36600	
78D08C85		FinFly Web	2013-02-17 01:00:00	2015-02-22 01:00:00		36600	
DAF42FBC		FinSpy	2014-06-22 02:00:00	2015-07-11 02:00:00	Base license + 100 targets + 50 mobile targets + 7 agents	688800	
DAF42FBC		FinSpy	2014-06-22 02:00:00	2015-07-11 02:00:00	Base license + 100 targets + 50 mobile targets + 7 agents	688800	
DAF42FBC		FinSpy	2014-06-22 02:00:00	2015-07-11 02:00:00	Base license + 100 targets + 50 mobile targets + 7 agents	688800	
DAF42FBC		FinSpy Mobile	2014-06-22 02:00:00	2015-07-11 02:00:00	Base license + 100 targets + 50 mobile targets + 7 agents	688800	
DAF42FBC		FinIntrusion Kit	2014-07-05 02:00:00	2017-07-07 02:00:00		30600	
DAF42FBC		FinFly Web	2014-07-05 02:00:00	2017-07-07 02:00:00		36600	
DAF42FBC		FinUSB Suite	2014-07-05 02:00:00	2017-07-07 02:00:00		13080	
DAF42FBC		FinFly USB	2014-06-22 02:00:00	2015-07-11 02:00:00		4620	
